Author,IsBot
mantisclone,1
white_rider_,1
AutoBot#1760,1
dudeamir,1
alexcos20,1
doteth,1
malgamoe,1
ndehouche,1
kitblake,1
domingosl,1
swish24_08,1
innopreneur,1
birususama,1
cassette38,1
carmina19,1
GitHub,1
donnelove,1
izitheblessed#5767,1
Deleted User,1
abdulmazid_,1
kaku#5215,1
OceanDiffusion#4502,1
OceanGPT#0740,1
networkstate,1
jonathanbytesio,1
nickscavuzzo33,1
robinlehmann,1
lukas85#6738,1
crabdippywillis.wen,1
Maki#4920,1
wanderclyffex,1
awesomeQA#0813,1
maesa3577,1
miamisilvio,1
LpFanatic#6037,1
emcee1,1
furcoder,1
volatilityband,1
zippy1979,1
bg_maui,1
cesar_cripto,1
fume1653,1
amanbishnoi,1
defisensie,1
kukulkan6732,1
amiya4759,1
flowscience,1
jaypana,1
ObamaBruh#6871,1
samtin0x,1
kreigdk,1
denkcryptoo12,1
provider7560,1
mhaano,1
bhalisa,1
austineking,1
shiver3002,1
vitusdaniel1,1
alibaba0810,1
Midjourney Bot#9282,1
ifx_dev,1
hunterasa,1
pepecipher,1
vkpatva,1
xiscor,1
wally0221,1
liquidsurfer,1
raphael_wedatanation,1
drprk.eth,1
christian_casazza,1
realdatawhale,1
trishul#4714,1
TimDaub#7709,1
Emilyü•®#7608,1
dogerton,1
0x069,1
bu.ba,1
hebbianloop,1
.kluless,1
graceful.coder,1
jeez7829,1
dennis6722782,1
tugceozdeger,1
_misteranderson,1
privmccloud,1
kokoz423,1
0xayushsh,1
bogdanoceanprotocol,1
anmol_sirola,1
kasheyyysh,1
all.calina,1
xkx_kira_xkx,1
triplew8487,1
3x#8734,1
noelmyers,1
lukakle,1
bigimeyagazzz,1
_zaroon,1
young624,1
jamie123abc,1
feronfyre1610,1
joshkeyz.,1
Muthu#6339,1
icelander1,1
your_echo_copywriter,1
enzo_vezzaro,1
due_writer,1
stip11,1
sneakyninja0536,1
jeugregg,1
adonnini,1
hack.aiqc,1
tmeta13,1
gabrielemyname,1
.mihaibadea,1
pastoffice,1
donaldtho,1
itadori9047,1
0xcem,1
sheridan_oceanprotocol,1
zephlino_1,1
feno1486,1
Norbert | Ocean#7805,1
tushar3694,1
mrgreyisyellingfromneverdietacos,1
himas.,1
rafaelestermann2000,1
hakerbaya,1
macrodrigues,1
mohammad.jamali,1
kush83,1
thestallion3,1
domizhong33,1
zhealous109,1
hertz_btc,1
pacha912,1
okpo_e,1
karubinu,1
cryptomaster333,1
sasuke_0128,1
mertkkl,1
ajc79,1
d.langford,1
herky11_be,1
dscrdnm,1
alteredcarbon_,1
Stock_Teamz#4009,1
zhangliu.eth,1
dadalorian.1158,1
randomness11,1
bostikkkkkk,1
danadalis,1
a.bektas38,1
boylifedream,1
schemacryt001,1
blockchainlugano,1
smartvic771,1
hygrobro#6283,1
idiom_bytes,1
Demo#7629,1
corrie6921,1
nixon323,1
Timothy.AthenaProtocol.Eth#2384,1
Konrad#6060,1
fedotov_am,1
trangnv,1
vishleshak,1
icetee4eva#9096,1
correlator,1
ronald72,1
sortoite,1
Tal_Sls#7180,1
0xmagic,1
lucanew,1
bryhen22,1
bharathballamudi,1
k03t,1
baghold,1
wetdog_jose,1
erengokkaya,1
feifwoefi,1
enjoyor,1
0xquantive,1
rayocean,1
FabweltToken Bug Report#7008,1
gray_csv,1
.greybrown,1
scholja,1
francescocommunitydev,1
abessalov,1
_breta,1
dolfolima.eth,1
djebril3326,1
primo_data,1
roncarter,1
ACEMULL#0016,1
Dedukeofyork#7188,1
chif_odey,1
s24iff,1
afonso9673,1
.indigodeblur,1
tods.81,1
hossein4457,1
christianreza,1
erif akdeniz#1384,1
martydbro,1
_hugo_12,1
richard_bisong,1
sancti4675,1
gerva3420,1
demons_4118,1
trentmc0,1
friso703,1
_ilhan,1
0xaaronn,1
telisgr,1
bhavingala,1
butterflyq,1
ra1d88#3780,1
damien_q,1
3vdaimoniac,1
rahulsahoo17,1
verahert,1
degenagainst,1
ben_datastake,1
jon77777,1
"Oscar (‚úå,‚úå,‚úå)#4772",1
vonderwald,1
kcullen,1
chippo1620,1
ritz0069,1
zaatar4863,1
shmoji,1
zupafly,1
thomaslv,1
dhlegit,1
aikin6,1
acder24,1
cobbystardev,1
paranoidpurchaser,1
alexweb310,1
faissalewac,1
eidos__beam,1
shuyc,1
mr.metaverse,1
0xbossanova_whitewhalle,1
xanxus_18559,1
maindanz,1
kearins,1
jb1908,1
ibrahimansar1,1
cakethy.,1
eenniiggmmaa,1
bolonyokte,1
zcstarr,1
anicet0,1
sheloandre,1
team001,1
ancarizan,1
general20_20,1
mhiztavoice,1
dusty2791,1
ililic2084,1
biba,1
jayster2100,1
turbon1troso3,1
_moonsicle,1
florez_alberto,1
emi419,1
ba777offical,1
.phucson,1
ultraviolet4453,1
korizhave,1
brayn0767,1
brentmarionpsj1473,1
stratego.eth,1
sat_1009,1
kazami9029.,1
nimcy_123,1
anti_devil,1
nftsworld3.0.,1
malte3934,1
amirtds,1
beeffree,1
roddog5761,1
danelleoasiscommunitymod,1
napoleone_79,1
ndubss,1
kdbabe1,1
quandinhhh,1
franco_23621,1
sarahsweetchilli,1
lrt8723,1
helenimah,1
nmjchbu,1
rish_kilt,1
kuerax,1
ogoptimusmaximus,1
MEE6#4876,1
0xnoe,1
denkobetona,1
Romanbank#8706,1
berrybrains.,1
nesbee.,1
kennyboss.crypto,1
Tboyloyal#1401,1
patrickcharles156#3534,1
iot-blocks#3178,1
2n1u0,1
oceanbyte,1
vinay_93,1
st4rgard3n,1
indri#8837,1
mark_siebert,1
sdntechforum#3884,1
.scottm3,1
Daniel from Ocean#3725,1
woocash_eth,1
Xk9eboF6#0464,1
adan9443,1
crypto_engineer,1
Frederic#8800,1
shidi9232,1
femiyoghurt,1
jesusdatalatte,1
CrypticX777.NEAR#6732,1
mucu256,1
neban#8550,1
macker_79,1
luccos.,1
Carlitros#9304,1
gyan0890,1
balikhasan,1
pablor3211,1
Manjiri#0804,1
0xriccardo,1
Ravi_Joshi22#0306,1
happy_stephen,1
t.gomathi,1
Artem!#7125,1
abrom8,1
potatoo4937,1
shivamgarg16#4596,1
docwagmi,1
Coordinape Hook,1
Bluecodes#6836,1
Johannes (JD) Drooghaag#2931,1
Lwando#2501,1
nosedive2moon,1
kareemikassab,1
gabeox12#2305,1
Caesar The Coordinape Bot,1
tigert0221,1
lolitalohasota,1
EasyPoll#3712,1
wizardofold,1
ojidavidgomba,1
web3ocean,1
lubomir16,1
Hoang B#1361,1
0xalex3001,1
lorenz1212,1
enrico9595,1
alex83032#8566,1
greenbee9327,1
QueenPat#9259,1
izuking,1
dopesidez,1
mr.drifter2,1
tiki_barry,1
Toscojosh#1288,1
kostasgk90,1
conarid,1
stkout,1
viti4560,1
databeatle,1
facundo3475,1
neo_namaste,1
chefcryptochris,1
scottmolluso,1
BPM Bot#3521,1
morisen,1
lawrencetse.eth,1
saklain,1
mio1016,1
DAVID OF NIRVANA#6220,1
sylvaincloutier,1
marcvlad,1
Muhammad Mahdi#2206,1
skg_sumit,1
theekshana076,1
sukiti#6449,1
ebenezer_.,1
w3bhub,1
igork_ldn,1
lance4158,1
zamirana,1
sebastianjuara,1
blackdoc2011,1
zenpower,1
johnrhodel,1
qazim,1
jblue2657,1
Equanikus#1962,1
lenny_malcolm,1
pinogivenchy#1098,1
gringoo94,1
andrewfowl,1
oiclid,1
dinonl,1
creative_queen,1
.stevetech,1
div9572,1
__dc__.,1
! JovoK#6259,1
bullnbear.bnb,1
khuraym,1
mr.vinsky,1
cryptobeijing,1
iamveektoria,1
cryptozeal_,1
hitarayo_,1
ighcrypto,1
manofthemooon,1
beason82,1
georgegem,1
olofhakansson_,1
iamnazar,1
i_am_ilya.,1
kaimeinke,1
stealth7158,1
mr.snape,1
XP Bot#1778,1
mc_thx,1
topa9176,1
dimka3400,1
robertsvr,1
emmanuelyinkz,1
mohammedlawyer,1
dgncrpt,1
nonyefx,1
riches3271,1
captainfeci,1
goden8092,1
dddrreeewww,1
mahdigh,1
ihorporsche,1
fakedepression,1
subit_crypto,1
bettyjuan,1
vikiman1,1
alinetla,1
fl1de,1
5ikal,1
pozitivchik.eth,1
Zealy#1788,1
fatgearge,1
mrnex0848,1
taichijiro,1
victorz01,1
cleverboy9370,1
newera3,1
crox_verse,1
hopper255,1
kobriy_,1
hziiebar,1
jagwa,1
lovebydejavu,1
sparkleude20231966,1
daveoginj,1
miwonder12,1
tr0uva1lle,1
chuksog,1
voron23,1
peekabuu12,1
inspairo,1
milanweb3,1
0xdamian_,1
cryptoholder_,1
cryptofather5645,1
brouk2313,1
vladpaper.,1
ji1n11,1
toffie_io_11953,1
favour_cy,1
depin_doctor,1
mmdd2651,1
blissen.,1
andriy7906,1
ikamskiy,1
Application Bot Premium#7743,1
dotunwilfred.eth,1
Alexpao#9344,1
hanadi.fh,1
Ocean Protocol ‚Ä¢ TweetShift,1
ChronicleBot#0372,1
TweetShift#4434,1
MEE6,1
rx2347#2597,1
big_st3pp3r,1
jakgrills,1
cult_leader_en,1
.hrojantorse,1
angelsoken,1
flyngcode,1
nascencey,1
0xdatawolf,1
orion#2527,1
quoppledopple,1
clover1221,1
gurutech.crpto,1
freda0791,1
sid_1822,1
bbhansome,1
0x_akelo,1
cash_planet,1
santteegt,1
paulhaas,1
cmareez,1
eugene#9978,1
coinmonks || CoinCodeCap#8469,1
alexmasmej,1
ontologymachine,1
Trader1oz#4003,1
Aveesh#3671,1
brogamma,1
dannyboy7467,1
JTrader#4177,1
arv.ee,1
nrtxrmnd#8450,1
-0-Nick-1-#8889,1
eg0maniac,1
humptytomdumpty,1
.h34d,1
coffeedave,1
jsjs77,1
De Pool#5526,1
zenkert,1
jasperlite#4485,1
toastyfevers,1
.swiss.,1
cryptowayne.,1
insidenima,1
zomboy,1
bronson2,1
Rizen#4501,1
macheena,1
laszl,1
nazariyv,1
oknu,1
doc.pixel,1
tip.cc#7731,1
vindeagle,1
dsy4312,1
n0rthside,1
doink#3458,1
.bxg,1
rakib_sikdar2170,1
avret,1
unsigned.char#1970,1
blessedarethepeacemakers,1
kremalicious,1
peanutbutterandicecream,1
perkypangolin,1
ballistic2323,1
anudit,1
aichain#9454,1
fuzious,1
huvissy,1
skuskubinks,1
momche,1
Fermy#6766,1
tizzy8147,1
kostolany.jr,1
remi.eth,1
neikineiklis,1
endro__,1
alexxxyz#6303,1
cardsz,1
fiufiu AptosLaunch IDO 17th Nov#4042,1
degenetta,1
cavemankabam,1
thebouncespotter,1
ASTORY#4779,1
kip_uwu,1
sven.hammerschmidt#1835,1
_ph0bos_,1
.jessevanmuijden,1
GLaDDOS#8474,1
web33omega,1
zzcrypto#7349,1
drunkaroos#8480,1
goblinmode8810,1
truthsayer00,1
.feddas,1
tracer5166,1
lucaskohorst,1
metapraxis,1
1665_,1
mantiflash,1
zungerhautz,1
cheddius,1
blissfulrelaxationmusic#6890,1
kaueth,1
lukas13k,1
SenorCruz#4457,1
t2t#7536,1
rimfrost99,1
aw8675309,1
jessebmiller,1
spaces_vs_tabs#5398,1
stephin#3992,1
cb500xbros,1
samer#8968,1
cryptopeep00610#5679,1
meije,1
weelecht,1
dasani#5507,1
devir.,1
j95237,1
Andrew#6312,1
illlefr4u,1
Smoopie#1844,1
anu__,1
cameroondyazz,1
isaacthemexican,1
hiturunk,1
twelveohm,1
lelouch_whd,1
flossus,1
stingerup,1
prak___,1
dagrumpy,1
0x.glitch,1
Cryptochefwannbe#4463,1
lucas_staky,1
oldwarhorse#2560,1
falyvlad,1
bartrovers,1
smhmyheadmyhead,1
Bereanma#6921,1
ryqq1,1
Reno#7664,1
kyle_macintosh,1
Odex2000#8983,1
onikahmedlucky#8548,1
Coldswet0827#5593,1
tomato4113,1
Âº†Âá°#2828,1
ssaha007#4362,1
degatchi,1
cristobot.,1
testk#6242,1
Texacan45#9929,1
Crypto Rootz#1318,1
igordoganov,1
shreitzel,1
Mattt#4351,1
jonnyboy#0489,1
puni58,1
kryptokaz,1
crypto_future,1
drinkywinky,1
semanticbeeng,1
hank9639,1
gildor3111,1
i didnt do it#4092,1
DanielA727#4278,1
sm1212bricktoupunks,1
jedi_69,1
d√∏c#9889,1
unstablenoobs,1
r0rd,1
niyesordunki,1
gmemoonmission,1
benore#1939,1
hytre8,1
joosh.meh,1
borgbrain,1
Ghostphaez#2507,1
lindenmann89,1
zzsy,1
txngy,1
robair3226,1
pynewb,1
dekgosh,1
defizeus,1
jaime#3151,1
.data_error,1
tjabbsofos,1
jubimax,1
dc_x,1
xert1638,1
defimati,1
moon1#8939,1
.agent_k,1
rvignav,1
jero_nl,1
tannedoaksprout,1
.pindapinda,1
staff91#6813,1
John G. Fisher#9193,1
strikerburns,1
klakel#1409,1
braveheart1978.,1
tarunk99,1
torbair,1
super.slayin.squanchy,1
pvlace#9156,1
baruel,1
michaelai#2018,1
Franklin#4124,1
Neumann#0235,1
tantv4668,1
tholder.,1
.beilian,1
greoweyds#1814,1
baggy_stash,1
gregor_boson,1
_raivyn,1
ILIA#1211,1
ohlolmy,1
savo_v,1
Tony | Montana#1596,1
godspeed üêª‚õì#3749,1
AdaHeaven#7929,1
.0xace,1
willowispfrukt,1
enorm6061,1
bilo3339,1
visionoftomo,1
Bridging.tech#4699,1
samurai_quest,1
Aymeric#2252,1
huangsir,1
alüéè#0437,1
doctort8992,1
wellman2871,1
chriscccc,1
barleyxc,1
gablp,1
tejeze,1
_yexxis,1
translate3d#6235,1
prynxxwisdom,1
devils_laugh,1
brkosyak,1
BagHabitt#7285,1
med_amiine#4315,1
aqua.zk,1
xevi#6120,1
doart3,1
up.only,1
ggermany,1
macanga,1
cipriani#6079,1
ritabell_7218,1
USER 939 - JOM#9680,1
vt100#5755,1
jackmd,1
ssskylark,1
crebspark,1
JustTheLetterP#7336,1
bartleby#7780,1
roger3149,1
tobiasmanthey,1
ilovemyrottie#1366,1
senor5164,1
Chris_uk#3541,1
heytheremichael#7090,1
.ankhenaten,1
Talren11#4635,1
jose_genericchain.io,1
Riley#8591,1
nostromo2,1
opmichael_eth,1
0xDiogenes#9213,1
unoflyer5#9080,1
carbonatero,1
slipmonki,1
adnlah,1
IndianaHodl#2575,1
skylarkq,1
pray_eth,1
trafficlab#4235,1
NORMANCOMICS#3798,1
0xtheresa,1
Ospreyl#2408,1
aesumdood,1
0xspike18,1
J-C#8665,1
dreadmining,1
hikepatagonia#3411,1
Layne S#7386,1
darmone#9369,1
wasim#5149,1
.cryptobolic,1
mavericksierra,1
cwatt00w#8879,1
flashy777,1
michaelcrupto,1
meren2329,1
olegmel,1
GunBeas#5111,1
djami13,1
daizenoni,1
zeromiedocrypto,1
ritz722,1
DELTA2987#7121,1
Ved2103#3062,1
fenton96vh#9222,1
muzakah#1194,1
juokowi,1
nosferatu9437,1
dhann12,1
Semongko#5900,1
mayday4023,1
el1748eth,1
fdonovan01,1
ramdani87,1
grgr8280,1
andhi2ka#0252,1
SilvioSoza#1281,1
PINAM#0602,1
cedosa,1
Nail#9679,1
jsopel,1
amaurylr,1
Lizardcar87#5943,1
biplabro.nft,1
usman8508,1
bm_4275,1
tolybill,1
tafsirul555,1
patel#3287,1
don_fanucci,1
E G#5278,1
cryptomustard,1
kemur.,1
_carla_,1
Aeezaezaer#2702,1
Doiicie#8384,1
maiq#1035,1
Mosui#5395,1
xiaoma.eth,1
.soeep,1
Cryptoaware#6179,1
ghassan7079,1
joshua18#9797,1
SaintBerna#1467,1
rencongzhong,1
rickdeveth95#0277,1
ardordo,1
crazyfr0g,1
quochoandkh,1
qotop,1
Number 48#0612,1
hise17,1
fannycoitus,1
mlzx,1
Elisa Sofia#6089,1
boblets,1
muddydonut,1
.eljulien,1
niceguysathya,1
stathism,1
braveuser,1
locked31,1
mrdeadce11,1
eldob,1
neurotex#2349,1
ivandiazperez,1
Aladji Bah#7713,1
adversecatalyst,1
rebisproject,1
be right back#2783,1
EdPast#6430,1
Lee Va#1362,1
pichon#9200,1
ArabianStallion#0907,1
WonderKookie#6978,1
SKDataMan#6393,1
insanity451,1
gareth0411,1
0xcredence,1
veersingh#2456,1
wavywellmann,1
grzegorz6575,1
sbckephas,1
mickssp,1
drkp4,1
savvytroian,1
estyn6,1
terrycao,1
bingbong#9045,1
ggggahh,1
orageux101,1
cariuang15,1
_cryptogeek,1
claytonroche,1
0xMechel#0661,1
ellechoppy,1
invictus.2010,1
Marta Matias#5921,1
manali9300,1
leoyoung,1
zcayel,1
Neil124#6477,1
nietjona,1
cuts1_,1
aqualityusername,1
Sau1707#7368,1
0xjordy,1
jd01#2928,1
CryptoDeveloper#5349,1
arrack34,1
rachitik,1
justcunn,1
richardblythman,1
kingfavour.eth,1
mikewchan,1
disc0rdinator,1
Tom Walter#4780,1
ferdutzt,1
jnmbrs,1
sahilofficial#2193,1
workmin_,1
monkeyontheloose.eth,1
artimunor,1
mark Tuler#6369,1
cdawg#4757,1
idontknowshitaboutfuck,1
Michael P#1086,1
davidcoollguy,1
youaintmyfry,1
vasileios9245,1
tmk1221,1
dansmash_,1
peacej,1
economistbeard,1
adlus,1
cryptojay#3612,1
chinchinoshi,1
dipfit,1
CryptoBender#2206,1
opdiefiets,1
ClaudiaH#6995,1
lukas85#9699,1
mims4life,1
waelabdkream,1
plex8587,1
arglebargle256#2556,1
synonymofheat,1
DLewz#1651,1
shreyaspapi,1
speakgibberish1,1
onion.__,1
vetinary,1
yetti4#5481,1
hillsidechase,1
mnkyntigr(UTC-4)#4435,1
tayarn#7753,1
Billy49#9202,1
mikey85#0158,1
crocdore.,1
jinky85#9163,1
alensixnine,1
telliver,1
SkCLucky#9424,1
keithers98,1
gabo_sama,1
annabelleduck#1995,1
juanrs195,1
Gray Henderson#6756,1
frankc0779,1
belugablue1942,1
tint.eth,1
lokagyani#3458,1
raybeazy,1
nonchalant0054,1
Kidor#8118,1
Erik E#2177,1
molusque6207,1
dnpotter,1
ka.ta,1
aar0n__,1
utxi#9163,1
Umer K#9867,1
Jaro#7446,1
samer248,1
aiswarya.cryptic#1738,1
Anthony4kid#0287,1
blinton2,1
medictm,1
drokpewpew,1
40100,1
meito_enma,1
bigmistake77,1
Arunakiry#1973,1
Megalodon#6639,1
akshay0738,1
[HACK]pothead$ | Wen Moon Guild#4514,1
Pato Alvarez#8523,1
gilescope,1
.mangolassi,1
Captcha.bot#3928,1
Statbot#3472,1
choonzy,1
lawlsc123,1
antaraxia.eth,1
snkypotato,1
meiji163,1
li3erty,1
starn#4290,1
jckt#8943,1
Abhicyb#0208,1
moonatique.,1
mike07mafia7,1
charlieklein,1
joshf0124,1
kingteest,1
YesMaster#4367,1
status4791,1
Force Community#9166,1
_rohang,1
counterpart4223,1
sugapapi.,1
just.marvin,1
blacksun#8319,1
258638,1
quinoa_.,1
izadgfx,1
ranjan.eth,1
michael4766423#8371,1
Egor Tomilchik#8995,1
SOY1JMG#3437,1
EL#0770,1
beegt1,1
nate_ape#2385,1
awesome pain#4713,1
kaname6691,1
y2k0916,1
terexitarius,1
constantine4032,1
lobsterroll33,1
frederickl#8197,1
optional.21,1
Vesus#9416,1
biodidact,1
ChrisG87#9687,1
mrwhite4108,1
tear777,1
sat0,1
Shanky#2209,1
glcrypto#2875,1
Bliana#7189,1
tossed.salad,1
manuelmaccou,1
lhdnguy,1
reneedaos,1
engr.pips,1
moses0206,1
jarrk#9195,1
.alexlap,1
tokyom.,1
Available_degree#2081,1
leoubbiali,1
sjay2013,1
humpz14,1
hououin.,1
cedric1656,1
Pucci Mane#5973,1
doktordave,1
sujith_god,1
airtrax,1
mightyardent,1
Steffen#9437,1
cipher_gb,1
Great_Amibev#8180,1
drkevinbethelm2e,1
paulson#9019,1
george4884,1
neurosyft#1798,1
gbolcer,1
yash.gadhade,1
dystoilet_paper,1
ian.z#5299,1
basat1936,1
Shotornot#5314,1
vein2967,1
june.2000,1
Jay - TDS#1394,1
Dave‚Ä¢#1145,1
stoik.eth,1
.vitorbruno,1
boomer0x,1
nightowl0179,1
bj#8888,1
sweet_shesha,1
stmx38,1
mohammadyt,1
volotkevich.hr#9787,1
shafu0x,1
corykasper,1
enlighton#8445,1
MisKseniya#9127,1
smallcapscience,1
discord603#0388,1
pichon7041,1
richardkingxyz,1
new.moon,1
Navarox#9268,1
peon4785,1
jedperp,1
jerry_rks,1
stratopanda,1
Davedo#0381,1
vorkutaaa,1
yomogiman.,1
Vintage Gold#2799,1
drghosto,1
2kk617#7006,1
davidtank248,1
arun70_soe#9479,1
anaomii,1
robinnagpal,1
taskspareto,1
nattynatman,1
k0r34nb4ng3r,1
kliker6753,1
Sofimeiker#5226,1
markhanlon,1
p_e_g_a,1
Jedd#1017,1
nemonium,1
orkatzman,1
Israel10#9403,1
Lenon.ask#4410,1
inanimate23,1
vadim_t_,1
Reagan#9409,1
howtobefaster#7670,1
pittie_huff,1
vlloic#1584,1
feverdreamer4199,1
hawahawai#3444,1
shanzz.,1
skeptrune,1
nickskniveshandshakenetwork,1
Philantrop#6446,1
victorgonzalez8908,1
adebola,1
trainbee,1
Helena G#7379,1
bandicoot.sol#2413,1
edixon100$#5251,1
0xmonky,1
icarlos365,1
machuche,1
thegeneral209,1
adriel.tokyo#7819,1
Bernhard#3963,1
ttk100#9960,1
alimbu57,1
rioz3,1
rkauf,1
bobbycoins.,1
lunaticmafia,1
downsin,1
bigtimesmalltime,1
waloeric1#1601,1
popaqy,1
kelvprez,1
lavji,1
abeg0mez,1
sapien#5795,1
toucan.br,1
CryptoSuave#5506,1
knothere.,1
arthurlautier,1
teotaco7,1
MarilynCryptic#0693,1
0g_bagsy,1
nightslayer4082,1
homocosmico,1
ameya,1
crazy_dev#6044,1
alextoti.,1
j263473,1
my1692,1
omnislash0302,1
andre0815_,1
deenabler,1
the_haza,1
Joe Joseph#8517,1
Dipper#1368,1
antman#4912,1
iamoewara,1
knoal,1
Gagan Ryait#8346,1
tradersid,1
szchrist422,1
sunnydrive.,1
baldcoin1,1
achieneedtowin,1
a244891,1
cottonwebm,1
caliberx2,1
bargu.,1
suchcool.eth,1
gtrfrost,1
mrboondswaap,1
RentonÔΩúPLUR#8547,1
gn2b,1
kristiburns,1
intrepidexp,1
khanpathan,1
garykissane,1
ashie#2149,1
ika0509,1
omni_georgio,1
shimonsal,1
sooper_,1
beast_mode05,1
Zack#5719,1
qepo,1
jpbiconomy,1
zlz,1
charmelogne10,1
dragonlord0738,1
veall0000,1
swift_77,1
orehub,1
MatteoITRM#6495,1
austin02.,1
feliciacertik,1
ryb#9670,1
maneraway,1
.shirolee,1
dreem4hai,1
okarin_cawai,1
_pedropan,1
aceinthehole13,1
dynamictrades,1
aniruddhs,1
Rohan146#7390,1
Muskan#3942,1
zilla23,1
Lia_Miai#2272,1
pzceo,1
rcav69,1
jamvs.,1
trizin.,1
tg3452,1
silentspring.,1
oliwiaweb3berlin,1
angry_kuromi7,1
ms1zk,1
thecoinoracle,1
gilbertog,1
bidask,1
Louis_startinblox#8588,1
ashmeet0606,1
luckydan1,1
nicolas25.,1
Daniel W#5160,1
web3legacy,1
findalas,1
axondao,1
santadotsol,1
karenl1,1
numalunah,1
gauravpartnershipsbd,1
randomacy,1
mika2076,1
kimberly632,1
the_crypto_prophet,1
crypto_dentist,1
crypto_johny,1
magician8361,1
driftingwill,1
akmalhikam#2039,1
magicmoneymover,1
br21.,1
avnish.99,1
goldstengel,1
andregoncalves,1
rayone1,1
john3.3,1
juancruzeth,1
samydp,1
Mostafa#1611,1
federhm,1
camm3673,1
chafenixon,1
smartgambling,1
edward_lorenz,1
CatarinaJoaoVieira#1341,1
hdjhehgfgjmkgghjk#3356,1
skrrypto,1
bubbyyyy,1
xcxcf,1
Karl_Guardarian#3625,1
sarah_cumming,1
majerle13,1
tim0808,1
cryptopod2023,1
coincolect,1
RexSandy#9216,1
partnershipdude,1
monkey777.,1
sofaa_kup,1
0xcchan,1
0x_sherli,1
wen147,1
lenakhle,1
haypero,1
vox0414,1
vvtchs,1
Arya Stark#9731,1
aaoliko,1
koresh_tony,1
sadninja,1
woonet,1
fismoluni,1
abdulramana2.bnb,1
EIDRM#1954,1
kazebeat,1
offmylawn,1
trace20,1
tbdtribute,1
eliasaires,1
jpdiel_symbioniq,1
Raul77#8921,1
tornillo#9553,1
christos58,1
Kazoku#3790,1
madorkestra,1
kohari,1
djshams,1
pradeep11s,1
nanditmehra,1
lui5733,1
cfiy3,1
Qui‚ôß‚ôß#0801,1
bluetyphoon77,1
kyleArojas#8414,1
nzubemush,1
0x.harsh,1
husseinmshakir,1
Mariah#9949,1
steur_33,1
sktrgtmgdm,1
disfire,1
4harpy888,1
WHF- Work From Home#6631,1
nadavnbs,1
cryptoshaq,1
0xapurv,1
alec1419,1
jars_nftt,1
vittodale,1
couchrishi.eth,1
r.jobcrypt#1650,1
hashfriend,1
splee48,1
kaya8188,1
MarkCrypto ‚ú®|#9078,1
cami1965#2319,1
paulwordsmith01,1
ste2169,1
shwandog,1
tetianka,1
yuen1234,1
nubbe101,1
abbasmformystic,1
almog#1551,1
sikel0738,1
MenTee.ETH.Stargate#0790,1
bilalkus,1
reMember#5681,1
tyler.scharf,1
eyeongames,1
droggyd,1
lasoonya,1
abdansf.,1
homecore,1
k4rl33,1
brymans,1
yellowflash1,1
kyrkenet,1
micheal5073,1
djfabrizia.com,1
Bian#8379,1
arlandzp8728,1
jhennifercasmir000,1
theuroboros8,1
mmonares,1
psaah,1
widestrides,1
kumishionp#2595,1
nakamomo,1
lebrel,1
taylor me#4368,1
_biggyyy,1
cryptoalxj,1
estonianbenjy,1
creolepolyglot,1
williamchan5259,1
.quige,1
aithost,1
escoin,1
johnjohnnyfam,1
stefan.eth.,1
sszylus,1
mati_bitcoina,1
Rayna | Sating.io#5992,1
kylearojas,1
rektbruh,1
cypherlion,1
web3academy,1
cipherwill,1
amjax88,1
jeffry4754,1
Mochi Magic#7259,1
fadysf,1
jampzer.,1
aday_hidalgo777,1
deepraj.crypto,1
brittneymarie_.,1
jonnybad,1
davidd205,1
cryptoav,1
mar1na,1
thepresidente,1
defi_4rex#7432,1
bud1977,1
billzcollecshun.bit,1
discoboi5775,1
joisboss121,1
CHIOMACHUKWURA2#2958,1
bigjigga02,1
filipeeekq,1
.udin.bob,1
mass5108,1
bizgi000,1
venture5135,1
matsbrodennordicpowerhouse,1
blckchn,1
adityachk2002,1
m.hossein.heidari,1
0xblockboy,1
pitbullsareawesome,1
els17_,1
tiff9097,1
Harvey#1385,1
saphireprodigy,1
mareksonny,1
davidjames_gmnetwork.io,1
at_least_weasel,1
al_koii,1
.megamen,1
hufyn_,1
mile7109,1
sandybcsald,1
elias.cleiton,1
dave_krypto,1
hanzohazashi,1
jon8314,1
ideologicallydecentralized,1
shalsa2721,1
ianrus_,1
defiteg_ambassadorvibes,1
vitaliii.,1
maladoy.,1
diana2510gg,1
surfweb3.com,1
dahlialusk77880,1
javjav_,1
uncommon549,1
apeagent007,1
.shaman.,1
mikmongo,1
teodor_51,1
tarandros,1
dixn_99,1
nilac48,1
julz48,1
.chaimf,1
darkerth,1
imdior.eth.,1
bellaluclen,1
tholv1623,1
balladolhala8966,1
officialcryptolover,1
alexandtony3717,1
odin2362,1
xmarkitus,1
cole754,1
degendata,1
starynstupid,1
williamjin,1
el_mustachoo,1
daali98,1
allquantor,1
wilson_odo,1
curiousrabbit.eth,1
hazardzistaaa,1
gotothemoon0504,1
krishna_sw3,1
tonigodswill,1
smart8182,1
cryptoniern,1
alexandra_samo,1
levimempool,1
souleater9868,1
berbiejane,1
juanfueyo,1
cryptan543,1
asdfpunkhazard,1
cryptoreviewing,1
waterandpani_14049,1
jabali1098,1
mcallisternerd,1
audreyyyyy_py,1
i___am___yume,1
miretu,1
edwardyisa,1
asianpett,1
notwolfi.,1
fumar69,1
yar0uk,1
sonanomaly,1
krava5637,1
0xlowbank,1
mistmorn,1
l1_s,1
ahmedcrypto100,1
uduak1,1
411ireport,1
nadin1,1
let.it.be,1
esa1511,1
blue_ivym,1
mulllife,1
herman1091,1
0x.ramz,1
pwise_truflation.com,1
Derodam#1091,1
cryptomama#2557,1
cordisdi,1
zohandisco2,1
slampixneo,1
eth.btc,1
gis2052,1
ijeojay,1
musclepump,1
whatucookyoueat,1
scarlette0475,1
zino43,1
just_eren_,1
Drdaphs#3701,1
precious8772,1
vicute1,1
biodunmustapha01,1
iamcynthiasmart,1
dadafeyansa,1
mr.slame,1
_anaconda_,1
dfrzky,1
thecryptobeast,1
rannnox,1
kingsleyrenec,1
0xkvasir.,1
mrkellz,1
guru456m,1
0ph3r.crypto,1
olafundzrichee,1
insaino,1
.bitrod,1
serhiipetrenko_,1
guln02342,1
golub_official01,1
metabuyer,1
shitcoin1000xwen,1
yanokk_metatrace,1
elif3896,1
aleksandr9788,1
james04127_67966,1
derivmexclistingagent,1
sokolll.,1
ethersol,1
minas4140,1
modjibib,1
donnakarliona,1
4evest,1
a13xand3rr,1
d.litztu,1
birth7287,1
dushyant.nft,1
l_zava,1
_bestoftheworst_,1
xbxh,1
silver_tr,1
oklllll,1
0novak,1
jamesomniscia,1
witzqie,1
nhuelcryp,1
kwstas.,1
iaam_xavier,1
flamezzichiban#9445,1
kaleverse,1
genius1120,1
abualmualim,1
emmydolz,1
emilia080,1
carmelita14,1
kevinbivan,1
charliemarlo,1
hrdl1,1
.alex971,1
kaming7919,1
kesha2030,1
nesto009,1
myles5837,1
greenlama00_58340,1
dukesoaky,1
0xsleepy.,1
_srinithi_sivakumar_,1
fomozamy,1
ruslvn,1
lowcodekrish,1
aaaaaaaaaaaaaaaaaa11,1
antonio_xbt,1
foxpause,1
mudassarejaz,1
favy5982,1
wahndo,1
.0xalien,1
vincent_28820,1
elemoshoofmeta,1
ordel.eth,1
princess.l0ve,1
zeusofweb,1
cryptobull0321,1
hakki1282,1
luwaa,1
jellybean9964,1
ez4prez,1
gurkanaydogan1,1
jarminjo151719,1
neuronbizdev,1
rocketpeter,1
sirweb3junkiee,1
immah987,1
lbzao,1
cryptographer_here,1
olly1e,1
kong_dev321,1
m.f2003,1
remco9193,1
daureene,1
marymitchell7472034,1
hedge_mate,1
titan.eth#4752,1
hardlinemonk,1
west_1,1
queenlargerb,1
steph012565,1
chispasss,1
eth_pooly,1
active_testnet,1
bahtt,1
masteryoda0756,1
osirisrfrm,1
4gwkyuren3djt,1
etty_crown,1
sarayli,1
joshuagold,1
ghu285,1
traderbiku,1
baba_786,1
esquiveljovan,1
konstantinbasic,1
noxx01,1
blank8118,1
boyyzmira,1
transhypocrite,1
nevadov,1
srjshishmn,1
cryptoryan71,1
loversnode,1
ky5861,1
criss.dev,1
lybomir72,1
kalixoq,1
michel0806#6214,1
jumparo,1
billy_87149,1
defidragoon,1
onyemauche_victor,1
grockndleomord,1
0xniall.,1
0xandros,1
letudiant,1
siri9133,1
emmimurphy,1
cryptoguru01,1
luqman_ejaz,1
josephpaysenger,1
rohhn,1
regardskiki,1
blankcoo,1
token778,1
i.as.keyur,1
pasa4886,1
anthony_pm,1
chambo6951,1
juwonloblaze,1
reaperloulou,1
cynbahati,1
rabbidfly,1
alwaysgotlucky,1
patricks2944,1
eddiepumpin,1
superonecoderman,1
oofozzyoo,1
datascience.btc,1
shrimpyjay.,1
munich1972,1
essentials23,1
benwagmi,1
socalsundiego,1
dash.hadi,1
em6858,1
bless00099,1
wtg123,1
richdad67,1
btcbuild.btc,1
collabdanil,1
tonycp24,1
deejay007.,1
idk0098.,1
alfa1421,1
onlyanswerqustn,1
andyakpakpan,1
suportsystem,1
cvrsead,1
huseynche.1,1
clayoglesby,1
yanson1,1
fantastic_lemur_07074,1
flyycypher,1
darthvader07.,1
derealalomzy133,1
james343423,1
badung199,1
deebravo,1
ian.coingecko,1
cahara_main,1
cryptopope__44356,1
bossman_soj_plus_1_toallskillz,1
smith213,1
temi2194,1
th0ku.,1
annabellebtc,1
mirel3d,1
drewsky188,1
forbes99,1
sparkling0614,1
whispering_phantom,1
smile.10162,1
andrew.marketwatch,1
batista87,1
Xel24#7591,1
energieman.,1
0xgarret,1
coinxpapa,1
akuma9640,1
twistindicks,1
he_who_remains12,1
silvester112,1
nikitaamazonov,1
sunstar1780,1
chicoarmysouljah,1
scotbaldwin_68139,1
cucci.01,1
scottini16384842,1
cryptosgenuis,1
josedalby,1
nicoletaylor6340,1
Uzox#9688,1
padskee,1
gritty698,1
vbothra,1
no_planet_b,1
duckcud,1
drakinora,1
ivanlucas.,1
akrtws,1
alvnod#7323,1
_ulysses_,1
zylax,1
kennyhihi,1
mansamikail,1
gokuthecarrot,1
mycaleum,1
chris_orderly,1
niknoname,1
huemin,1
mikefromthe6,1
k3nn.eth,1
lordvityaz,1
yardmandaved,1
daomkr,1
OP_Lover#7308,1
dkob,1
frewca,1
alex.13s,1
mekadon2020,1
rashadzaki,1
kochetkova00yp8,1
phillyd90_06053,1
zurcah.16,1
natelthreat,1
arnault3322,1
Cord_bot#9639,1
iamkn1ght,1
HSH#4255,1
joxter1131,1
TRaj#6487,1
thiago.rossi,1
taoking,1
anakin.btc,1
copycatswede#3292,1
johnyjun,1
ran8196,1
TheNarrator#6465,1
annaa2275,1
cloutcoin,1
0xchege,1
ginoongbakulaw,1
Na Wattana#5171,1
jason3680,1
0xCharles#6490,1
Pomegranate#6837,1
.blossomwashere,1
.auckland,1
marshmalon,1
lightbots,1
cryptonoob3733,1
grahil,1
__x1y1__,1
uxmceal,1
ekincixyz,1
royprotocol,1
dtdid,1
w_goldminer,1
matthiasroder,1
martinoyo#2482,1
cassidy.williams#6881,1
hopium123,1
shrikar#4328,1
orwellwasright,1
dotrego,1
dtierney23#1784,1
spacemonkey127,1
jozya,1
tmmtrx,1
wahyu243,1
drankpurple,1
wynd.eth,1
richa#0775,1
y.j.sun,1
bbk6968,1
web3dev#1655,1
manu7599,1
jaydoubleyou_,1
.nirach,1
yuseigogo,1
onovive#8968,1
wiganathletic.eth,1
0xmanny,1
01.69,1
chainsaw.eth,1
na3259,1
deepnoorwal,1
jhin0369,1
AlexBourlier#8916,1
jeha093,1
koray84,1
Âè∂Â≠ê#0103,1
.humility.,1
sharl33,1
italian_coffee,1
bonifatia,1
october8888,1
ganjo7400,1
.ttrb,1
wuxiaoeth,1
marvolo_,1
jackthepine,1
thirdpatriot,1
xmerlionx,1
str1chc0de,1
Fchwm#2774,1
alfa_life,1
cryptojemo.,1
jamal0148,1
WilliamChitangala#7018,1
gertnan#5969,1
ryurysh_369,1
oakens.tokens,1
ice_e_fresh,1
oleksandr3970,1
rzltn788,1
nesperroll,1
bestbelugawhale,1
nodectrl,1
cris84mon,1
valiente4life,1
steph1301,1
goromabei,1
mohhmayed,1
aviral23,1
satheeshqr68,1
sirgu3d3s,1
jeffm1,1
jeanjahossou,1
gixolas,1
ja4ski,1
blue.cube,1
mindsandwealth,1
thedev42,1
balessan,1
igorvolkov1,1
polloocb,1
jhtan,1
efftalkz,1
wagonshack,1
ovr.eth,1
godknows_ukari,1
kycoinapple.com,1
2000nastya,1
genmorstan,1
crynomady,1
sbestamp,1
owl2547,1
paskon4ick,1
XX.SANTANMA#6450,1
juliaaa26,1
anyakuz9,1
saltimbator,1
mithridates0585,1
zerofive.my.id,1
neodallas,1
artemii_t,1
tobinbellsaw,1
mr.bobby7530,1
merrymartins,1
vyacheslavchik,1
goshazp,1
charlespasqua,1
bitkenpachi,1
agbi9,1
bribery14,1
somokh,1
0k0akagreenp0wer,1
arr1ex,1
ke0zz,1
vitalikxoxlyatski,1
lunatico723,1
laurianodav,1
maltietc,1
kirillk_1,1
obla4no,1
kant1742,1
hilarygray4030,1
tianaukraine,1
6770,1
ivanichiro,1
tracytran88,1
freegate,1
serrgxam,1
kefteme21,1
y7not,1
aleksey777,1
.alexbah,1
vitalik_buterin_,1
staszmeev.eth,1
t2pm_by,1
vinovatoaye,1
tryk8729,1
lordof.uc.,1
funtikfedorov,1
twist17,1
shreeyalove,1
pashakep,1
destopik,1
defiwave_,1
mralexyung,1
andrew030679,1
ilomton,1
john_crrypt,1
dumasuiglobal,1
nymph_lmao,1
nwacoalcityrankerdao,1
kramsh,1
werts_eth,1
lalalalalwheel,1
cool9559,1
tyler_crypt0,1
sailor4869,1
peterson34,1
bigbos_1717,1
danilsafronov,1
rls7973,1
_s3bz_,1
akhrol,1
0leggun,1
skyfire20,1
f1vot,1
thisismonarch,1
vadik_001,1
olayoomomota,1
mostafa_lotfy,1
visionercrypto,1
abhay_61824,1
barry_xm,1
Sambright22#4400,1
mrudul_blockchained,1
sashha.sashha,1
frikilollo,1
vitamine777,1
ossosis,1
umu8602,1
crypto_guy,1
ovuncrypto,1
blvcksun,1
lynn23770_73482,1
mitch_sniper2299,1
xc1234567,1
krowteaz,1
sam9#2879,1
susancrista,1
manav.b,1
pos3idonxxx,1
shaneford,1
cryptobob1717_,1
vuluong0910,1
mandy21suiswapokx,1
russ_99,1
crypto5ive,1
kirillkirillovic,1
michael04830,1
cryptossential,1
uriel1376,1
k4komaaal,1
sj8184,1
jmarxhere,1
torilss,1
l0goss,1
realdreaming,1
drmenorah,1
jack_546,1
connorobr,1
__bachman__,1
cryptoblest#8257,1
pacheco22#7632,1
siz0945,1
.usveteran,1
INVITE.GG#2032,1
laguz777,1
starzinger#9324,1
Kirsty#8372,1
Gordo at Earth Mine Data Ltd.#5926,1
cecsk,1
.papichulo214,1
berryninj,1
ucjay#9917,1
greentechdon#5043,1
techfomo,1
Antoinef#7849,1
Spectocurrency#4450,1
mirza1876#4468,1
kristo.lingga,1
vl22333,1
juanlazo,1
megfancy#1359,1
Brian Lau#9675,1
waelabdkream#8790,1
svm0lls,1
cuuc_,1
jokermasr81,1
urnusan,1
rcordero38#9399,1
blockchaindoll,1
Bruce2021#7699,1
majorisholdings,1
sohailshah#0696,1
The Captain#9986,1
kaiser31#8440,1
xzz987,1
chrisek,1
ademckc#8251,1
.alpha_12,1
cobra16319,1
ChefJay28#4123,1
hintedhandoff,1
chad3784,1
rockys#8773,1
OptimusG ‚òÅ‚òÅ#6268,1
darkd__,1
saddle08,1
mg12#9248,1
seraphim.btc,1
olla8994,1
HAK#9744,1
rdmvhs,1
bz_ye,1
kingsarenothing#6864,1
thejamesj,1
dandanda.,1
Don't Ban Me#0312,1
B.A#5219,1
migueldi5cord.,1
vaglietti#0442,1
subair#7184,1
win404,1
LuCaS#9015,1
crypto_bob,1
lejleij,1
HydroHoney3000#6257,1
katefunctionland,1
official support#0839,1
agreos#6005,1
matin6517,1
jituo,1
haunter803,1
aurora.torialis,1
ernoclates#5985,1
user4839295,1
0xcaleb,1
rajeshjeeva#4027,1
pensacolacrypto,1
OldWei#6401,1
rogargon,1
kover#8302,1
_betsu,1
Alex - Regen#7369,1
jenkins#9646,1
purplespain,1
.joseph666,1
erzsebete,1
oceanrosie,1
raywata,1
KBNR#1503,1
dmccauley,1
NaradMuni#0047,1
ponch12.eth,1
p3ac3mak3r247,1
razvan7117,1
aquinaspadre,1
Bubbz#9210,1
gtb#5951,1
Maury#7805,1
Fatmike#1829,1
zeydix,1
LINUS#1754,1
isiahhill,1
Donaldgarvey#6501,1
Bamie#8182,1
jbel2199#1046,1
mancioshell#0144,1
Kyman82 | Ragnarok#8855,1
shootthebreeze.,1
alessandromayer,1
DWally_jrr#8723,1
aks3963,1
readybara,1
doZE#9161,1
.rav3n69,1
mslucas5117,1
HenrikG#3101,1
¬∞¬∞¬∞#4045,1
s1lvabull37s,1
Godwin#6056,1
.ivan151280,1
Privetus#6346,1
racmantra,1
olgaya_z,1
DJimmy#7715,1
haddock#5966,1
gs9708,1
baxthray,1
dreadwolf6922,1
.jackington,1
jupiterblock,1
Pritesh#2935,1
frothin9#6052,1
Mustang Steve#1818,1
westmarch,1
rocketboy23,1
archawake,1
egret4208,1
paulolamide77,1
iamaurum,1
agostinho90#2242,1
sukur23#7226,1
jedi072#5752,1
florence#2737,1
mintmine49,1
ramsy_c137#4920,1
tacocat3227,1
botal_,1
devalpha#1866,1
niels.eth,1
delboy121#9811,1
SafaKara#7401,1
domoae,1
kn4389,1
k_pg#5616,1
topper8470,1
jfreeman#6323,1
kryptonvestornft,1
Mycel#2432,1
Gox#6259,1
cryptofreakdinox,1
apoorv,1
larosti,1
hazel_t#0679,1
ORACLE#1541,1
PureJoy<3 | NkechiLive!#3765,1
schlessy015#8230,1
perez#6044,1
taylans.eth,1
NoemiNFT#0116,1
bnell01,1
shaolin_peanut,1
zeroth#0030,1
Customer124199#7768,1
malazdot,1
michel3778,1
rushil5834,1
hk5932,1
gt247,1
balssackium,1
alex.ha#2766,1
Abude.me#5829,1
ragspatil#6133,1
howardscottj,1
erin donnelly#4729,1
Ocean#4863,1
sergo024,1
Marty | Scrt Biz Dev#9429,1
sis_ibk,1
indchili,1
simonbing,1
Lee wong#1352,1
georgpeppas,1
jhonatanvillas#5974,1
joelca.,1
anonymous_falcon,1
HilBilly#5984,1
nocibambi,1
HIiiii#0388,1
Michael90#3481,1
Santi | Filipino#4243,1
whybna,1
keccak255,1
amaechieth,1
chidera7843,1
G0thmog#7701,1
hecthor144hz,1
X TA C#1167,1
tagwireyih#0632,1
f3l1xrend3r#8246,1
cannabisclones,1
a_sherred,1
Bezi#7240,1
lukman1902,1
darlington4602,1
keyurgkulkarni,1
susidharan,1
defisam_2175,1
karthiktkd9,1
Gazelle#1937,1
william87#2310,1
sa2xny,1
k_digitals,1
tr0ublemaker0464,1
code#4742,1
edies#1846,1
riyono_rsu,1
koincept,1
hakan72,1
uncleJoel.#0462,1
pylegend,1
dazzling_lamb_29155,1
vitalyth,1
lolucryt,1
solomonkc.,1
sabrinail,1
virtualking1,1
khasan6754,1
asolvo,1
maxlinogod,1
magomed0770,1
bayern9050,1
pev4ik,1
Ramiz-BTC#6993,1
crazy_fox001,1
tilak_trs,1
_lucky_13_,1
atrus0507,1
netrovert01,1
domain_xxl,1
ebynyashe4ka,1
nafty00,1
nixo.v,1
unu_.,1
khaleed99.,1
freaky1320,1
takram3,1
0xayoub75,1
ecjay.,1
Minesweeper Bot#8485,1
.plauto,1
dadaffo,1
teamvier,1
kenwabe,1
.tradealpha,1
carterfee,1
kurianz1,1
jasnell12,1
tranqilo4488,1
roman6924,1
alanmatos93,1
probert_,1
yassine_reghai,1
jerryscott1,1
kesarii_39789,1
lukso_arnold,1
kutugu,1
pyrus.c,1
tvachon,1
gixer6,1
emeroid.,1
krishnakanthsasi#2832,1
maxalakh,1
bigcammer,1
ericsc24,1
ygg_anderson,1
nattilife,1
Galla#2836,1
rajshreemondal,1
nadavhollanderopensea,1
mrrpiusz,1
Alexander Martins#5995,1
bashir fagge#3207,1
infinityman#9312,1
Militant Funk#1917,1
kevinescence.phunk,1
jcgspain,1
vitjedlicka,1
fplhappy,1
abl_0,1
_ecardo5o,1
ryfleisch,1
ivan_krishan,1
that banda over there#9913,1
empathy#4089,1
floramirabilis,1
wario15,1
LisaSF#8616,1
ravinwalking,1
colokissero,1
ruhaux#2965,1
.nftjunkie,1
irtamvan,1
Venom | YGG#4905,1
wanshen6891,1
khalizo,1
uchay7,1
ndee222,1
eyrag,1
Footscrayer#8806,1
vladimir#3381,1
üí∏ iGaMe69 to The MOON üöÄüåõ#2754,1
mkirstein#2779,1
orengutan_1234,1
heiho1#7953,1
hafsee,1
okokokok#3984,1
nopop5691,1
tinanpha,1
hpnumber1,1
leobar,1
franks.n.beans,1
andrewxhill,1
.discofox,1
PRAKASHRBOHRA#8669,1
.selfwithin,1
johnnyf24,1
roshandhaker,1
.chenosaurus,1
Liber Tabbus#0927,1
mdees22,1
ben_beeker,1
elpadrino#3784,1
stippes,1
DionCryptoMillionaire#8752,1
z0rlord,1
sittingbull7,1
EECC#9791,1
eightrice,1
0xdsoap,1
cmkukih,1
defijunkie#2108,1
James3304#6946,1
8baller_,1
allroundwagmi#6076,1
.kevinberrey,1
gregorycost,1
drmachiavel,1
timotheus6812,1
lanremania#4929,1
giga7jinn,1
Tonfield consult#1068,1
billionairew,1
du2311,1
markus1230349,1
bardionson,1
modus5238,1
bayang7,1
mr_kiko#1741,1
abstractumx,1
Bestre#0741,1
Cosima#5385,1
itsalllev#6890,1
michaelizer,1
vitruviews,1
alvaroderamonmurillo,1
cheng#2517,1
infinitehomie.eth,1
notyolkers,1
marsvikings,1
naomiii,1
xoron_9,1
tvanburen,1
quantumreturns,1
Thomas de Marchin#2707,1
rajkaria,1
sam.btc,1
ezetraj#5230,1
mrbzworld,1
ladybug_nyc,1
_slimshadi,1
contentooo,1
claudiomatos#0282,1
YSBVII#7892,1
pavelgalay,1
andr3i6741,1
ultimattjk,1
Buraz#0378,1
sipher#7526,1
ramboflakes,1
boz8089,1
clash4127,1
andreessen_horowitz,1
marta5096,1
avinsmith,1
Sandra bullock#5841,1
kaisub7#4543,1
Sophia | Crypto Crime Club#5082,1
Candorous#3588,1
doreenutr,1
mina7974,1
john suter#2621,1
Ducki#4334,1
alansamet777,1
shiptim88,1
ivwall#5291,1
exrhizo,1
richardshift,1
HeroScarlett#5839,1
.donkeyking,1
renegaderegen,1
izaak4,1
cheezracer,1
jpegcafe,1
Usama#9682,1
veersingh247,1
savvak,1
novadux,1
Mikasa#2728,1
iamazeem,1
group help#3727,1
KibbleTime#6861,1
haidar14664,1
bluehash#7782,1
icepat,1
Tomoki#7982,1
Keke#2404,1
filippo305,1
134years.old,1
thepastor4834,1
mettalicdemon,1
dabar90,1
Izhan#1501,1
awbizdev,1
Lumosian#6680,1
rinnkimmichi,1
pmgangi,1
saikiran0901,1
cryptotodd,1
mkbeefcake,1
ekz10,1
HR#3721,1
zanewithspoon,1
akshayd99,1
.dr.dan.,1
susscrypto,1
drylights,1
byte_bard_apex,1
azar9696,1
szollosipeter,1
callmethomas_1,1
0xmarcus,1
L.O.T.N.S#1861,1
bishal_neupane#3924,1
blackstar1546,1
taobitt,1
lunarczwarty,1
ezra2185,1
citizenweb3,1
gregoryfaruch,1
viper0664,1
degen1st,1
Hruthik5124#4655,1
hari23051991,1
celia6224,1
hiramduran,1
lazylarrymaking,1
djassal76,1
ahmet33chz,1
kabugu,1
sudheergorantla,1
rafaeljeff,1
Kaptain Lee#9485,1
joshnm5343,1
queen234_,1
eigghead,1
ziccolink,1
genius7148,1
daniel_john,1
jumpstart310,1
hey.maggie,1
eltronkaprime,1
andrechung,1
richardzheng,1
GenuineDuke#1960,1
whynotmountain,1
metamalt,1
farmlyguy,1
alex7264,1
awai100,1
edbertt_,1
lawson4375,1
ultrade.,1
1of1vel,1
zakkisyed,1
bayrol,1
ogasky,1
s4urus,1
philkk,1
yena8537,1
andrewgmi,1
babak7587,1
pandemon2442,1
mogul.ig,1
t1muck0#0278,1
frebik.,1
iamdbc_,1
anacardells,1
nimc001,1
drams6811,1
cryptodoc786_88559,1
trigs_0,1
thewsephj,1
pascalduval,1
r33pich33p,1
hiyhiy#6757,1
pikachudot,1
ernest_9955,1
