Author,MessageCount,MostActiveHour,MostActiveMonth
witchesrune,15,15,2022-02
laurentony15#2825,8,3,2023-06
cryptoross_,6,10,2021-08
raiden_kev,5,22,2021-02
Mason#5694,5,2,2023-05
Neeeeira#9526,5,13,2023-05
OthersideMeta#4783,5,5,2023-11
thesamap#7822,4,12,2020-06
anthonyhsiao.,4,15,2021-06
irokesenigor,4,22,2021-09
btfd3#0736,4,5,2022-08
Gru (Matt Wilson)#3202,4,0,2021-09
.julierobb12,4,21,2021-12
bk8777,4,19,2022-03
keatonk6787,4,17,2021-10
Mattericks#5344,4,15,2021-11
rider_7978,4,13,2022-06
Stijn#5177,4,3,2021-04
Not anyone#9814,4,22,2019-12
filipmasar,4,19,2023-12
0xsandeshk,4,14,2023-08
derbygold.eth,3,11,2022-02
aloe2283,3,21,2020-09
joeinternet,3,4,2022-04
monte2615,3,0,2022-01
.metahulk,3,18,2023-07
monkeyd23#5729,3,20,2022-03
prexy8150,3,7,2022-04
_martijn.,3,15,2023-09
.dberon,3,0,2023-06
moneymagic6666,3,19,2021-06
bentoshi2.0,3,15,2022-06
sovbild,3,0,2021-09
shdwsqrrl,3,20,2021-05
᲼᲼᲼᲼᲼᲼ ᲼᲼᲼᲼᲼᲼#4876,3,1,2021-08
Miriam RAZ#9864,3,0,2021-12
ichrysakis#4587,3,23,2021-07
SupportBot#0295,3,22,2023-04
in_lakech,3,0,2022-04
esetelopez,3,3,2020-10
ajodis,3,8,2022-07
sumonahmed#2279,3,5,2022-08
0xwamgi#6517,3,5,2022-08
Sujknight#0226,3,17,2023-05
extezy,3,6,2021-11
awbvious,3,5,2021-12
firstandlastname.exe,3,1,2020-11
dainaman123,3,23,2023-08
0xkydo,3,8,2022-08
kelli122,3,7,2022-08
